row;miasto_excel;miasto_osm;ulica;konstrukcja;strona;lat;lng;typ_excel;typ_reklamap;wymiar;szer_m;wys_m;cena_mc;oswietlenie;link;maps;osm_display
2;Andrychów;Andrychów;Stefana Batorego;;;49.85615;19.338228;reklama mobilna;mobile;504 x 238 cm;5.04;2.38;700;nie;https://brokersmedia.pl/billboard/batorego/;https://maps.app.goo.gl/pjo9escSHt2bGZCU8;Stefana Batorego, Andrychów, gmina Andrychów, powiat wadowicki, województwo małopolskie, 34-120, Polska
3;Andrychów;Andrychów;Stefana Batorego;I;2;49.85615;19.338228;reklama mobilna;mobile;504 x 238 cm;5.04;2.38;700;nie;https://brokersmedia.pl/billboard/batorego-i-2/;https://maps.app.goo.gl/pjo9escSHt2bGZCU8;Stefana Batorego, Andrychów, gmina Andrychów, powiat wadowicki, województwo małopolskie, 34-120, Polska
4;Andrychów;Andrychów;Stefana Batorego;II;;49.856281;19.338433;billboard;billboard;504 x 238 cm;5.04;2.38;900;nie;https://brokersmedia.pl/billboard/batorego-ii/;https://maps.app.goo.gl/5euS2wmVhewwbm3V6;Stefana Batorego, Andrychów, gmina Andrychów, powiat wadowicki, województwo małopolskie, 34-120, Polska
5;Andrychów;Andrychów;Beskidzka;;;49.847741;19.33843;billboard;billboard;504 x 238 cm;5.04;2.38;900;nie;https://brokersmedia.pl/billboard/beskidzka/;https://maps.app.goo.gl/7rN6F54H3riNLQX97;Beskidzka, Brzegi, Andrychów, gmina Andrychów, powiat wadowicki, województwo małopolskie, 34-120, Polska
6;Andrychów;Andrychów;Beskidzka;I;2;49.847741;19.33843;billboard;billboard;504 x 238 cm;5.04;2.38;900;nie;https://brokersmedia.pl/billboard/beskidzka-i-2/;https://maps.app.goo.gl/7rN6F54H3riNLQX97;Beskidzka, Brzegi, Andrychów, gmina Andrychów, powiat wadowicki, województwo małopolskie, 34-120, Polska
7;Andrychów;Andrychów;Beskidzka;II;;49.847913;19.338519;billboard;billboard;504 x 238 cm;5.04;2.38;900;nie;https://brokersmedia.pl/billboard/beskidzka-ii/;https://maps.app.goo.gl/899EGzQXSAGjSHFM8;Beskidzka, Brzegi, Andrychów, gmina Andrychów, powiat wadowicki, województwo małopolskie, 34-120, Polska
8;Andrychów;Sułkowice;Beskidzka;III;;49.8241944;19.3373889;billboard;billboard;600 x 300 cm;6.0;3.0;1500;tak;https://brokersmedia.pl/billboard/beskidzka-iii/;https://maps.app.goo.gl/TV79xGLgsqEEmu8S9;Beskidzka, Podgronie, Sułkowice, gmina Andrychów, powiat wadowicki, województwo małopolskie, 34-120, Polska
9;Andrychów;Andrychów;Jarosława Dąbrowskiego;;;49.846329;19.347659;billboard;billboard;504 x 238 cm;5.04;2.38;900;nie;https://brokersmedia.pl/billboard/dabrowskiego/;https://maps.app.goo.gl/9zkEdLoAQdmsB6PD6;Jarosława Dąbrowskiego, Olszyny, Andrychów, gmina Andrychów, powiat wadowicki, województwo małopolskie, 34-120, Polska
10;Andrychów;Andrychów;Jarosława Dąbrowskiego;I;2;49.846329;19.347659;billboard;billboard;504 x 238 cm;5.04;2.38;900;nie;https://brokersmedia.pl/billboard/dabrowskiego-i-2/;https://maps.app.goo.gl/9zkEdLoAQdmsB6PD6;Jarosława Dąbrowskiego, Olszyny, Andrychów, gmina Andrychów, powiat wadowicki, województwo małopolskie, 34-120, Polska
11;Andrychów;Andrychów;Krakowska;I;;49.858643;19.324084;billboard;billboard;504 x 238 cm;5.04;2.38;950;nie;https://brokersmedia.pl/billboard/krakowska-i/;https://maps.app.goo.gl/RNPYkUcijj3XvnwW6;Krakowska, Górnica, Andrychów, gmina Andrychów, powiat wadowicki, województwo małopolskie, 34-120, Polska
12;Andrychów;Andrychów;Krakowska;;2;49.858643;19.324084;billboard;billboard;504 x 238 cm;5.04;2.38;950;nie;https://brokersmedia.pl/billboard/krakowska-i-2-2/;https://maps.app.goo.gl/RNPYkUcijj3XvnwW6;Krakowska, Górnica, Andrychów, gmina Andrychów, powiat wadowicki, województwo małopolskie, 34-120, Polska
13;Andrychów;Sułkowice;Racławicka;I;;49.8332222;19.3673611;billboard;billboard;600 x 300 cm;6.0;3.0;1500;tak;https://brokersmedia.pl/billboard/raclawicka-i/;https://maps.app.goo.gl/LeXKJbcMfDamxCgTA;Racławicka, Hulakówka, Sułkowice, gmina Andrychów, powiat wadowicki, województwo małopolskie, 34-125, Polska
14;Andrychów;Andrychów;Starowiejska;;;49.860009;19.347761;billboard;billboard;504 x 238 cm;5.04;2.38;900;nie;https://brokersmedia.pl/billboard/starowiejska/;https://maps.app.goo.gl/PdTCaFkL4D6ApG4C7;Starowiejska, Andrychów, gmina Andrychów, powiat wadowicki, województwo małopolskie, 34-120, Polska
15;Andrychów;Andrychów;Starowiejska;I;2;49.860009;19.347761;billboard;billboard;504 x 238 cm;5.04;2.38;900;nie;https://brokersmedia.pl/billboard/starowiejska-i-2/;https://maps.app.goo.gl/PdTCaFkL4D6ApG4C7;Starowiejska, Andrychów, gmina Andrychów, powiat wadowicki, województwo małopolskie, 34-120, Polska
16;Andrychów;Andrychów;Przemysłowa;;;49.86226;19.324377;reklama mobilna;mobile;504 x 238 cm;5.04;2.38;600;nie;https://maps.app.goo.gl/DsdYxfEUnax2ta4Q9;https://maps.app.goo.gl/DsdYxfEUnax2ta4Q9;Przemysłowa, Andrychów, gmina Andrychów, powiat wadowicki, województwo małopolskie, 34-120, Polska
17;Andrychów;Andrychów;Przemysłowa;;;49.86226;19.324377;reklama mobilna;mobile;504 x 238 cm;5.04;2.38;600;nie;https://maps.app.goo.gl/DsdYxfEUnax2ta4Q9;https://maps.app.goo.gl/DsdYxfEUnax2ta4Q9;Przemysłowa, Andrychów, gmina Andrychów, powiat wadowicki, województwo małopolskie, 34-120, Polska
18;Andrychów;Andrychów;Krakowska;;;49.855472;19.336838;reklama mobilna;mobile;504 x 238 cm;5.04;2.38;700;nie;https://maps.app.goo.gl/q4fFcCTCLzXHLGfx9;https://maps.app.goo.gl/q4fFcCTCLzXHLGfx9;Krakowska, Górnica, Andrychów, gmina Andrychów, powiat wadowicki, województwo małopolskie, 34-120, Polska
19;Andrychów;Andrychów;Krakowska;;;49.855472;19.336838;reklama mobilna;mobile;504 x 238 cm;5.04;2.38;700;nie;https://maps.app.goo.gl/q4fFcCTCLzXHLGfx9;https://maps.app.goo.gl/q4fFcCTCLzXHLGfx9;Krakowska, Górnica, Andrychów, gmina Andrychów, powiat wadowicki, województwo małopolskie, 34-120, Polska
20;Bielsko-Biała;Bielsko-Biała;Aleja generała Władysława Andersa;I;;49.8355556;19.0091111;reklama mobilna;mobile;400 x 200 cm;4.0;2.0;800;nie;https://brokersmedia.pl/billboard/francuska-andersa-i/;https://maps.app.goo.gl/GhXu8TTKEqmScSwy7;Aleja generała Władysława Andersa, Stare Bielsko, Bielsko-Biała, województwo śląskie, 43-303, Polska
21;Bielsko-Biała;Bielsko-Biała;Aleja generała Władysława Andersa;I;2;49.8355556;19.0091111;reklama mobilna;mobile;400 x 200 cm;4.0;2.0;800;nie;https://brokersmedia.pl/billboard/francuska-andersa-i-2/;https://maps.app.goo.gl/GhXu8TTKEqmScSwy7;Aleja generała Władysława Andersa, Stare Bielsko, Bielsko-Biała, województwo śląskie, 43-303, Polska
22;Bielsko-Biała;Bielsko-Biała;Straconki;I;;49.801982;19.05352;reklama mobilna;mobile;504 x 238 cm;5.04;2.38;800;nie;https://brokersmedia.pl/billboard/straconki-i/;https://maps.app.goo.gl/SVpZS9w7RkZKXT188;Straconki, Leszczyny, Bielsko-Biała, województwo śląskie, 43-301, Polska
23;Bielsko-Biała;Bielsko-Biała;Straconki;I;2;49.801982;19.05352;reklama mobilna;mobile;504 x 238 cm;5.04;2.38;800;nie;https://brokersmedia.pl/billboard/straconki-i-2/;https://maps.app.goo.gl/SVpZS9w7RkZKXT188;Straconki, Leszczyny, Bielsko-Biała, województwo śląskie, 43-301, Polska
24;Bielsko-Biała;Bielsko-Biała;Straconki;II;1;49.801855;19.053705;reklama mobilna;mobile;490 x 230 cm;4.9;2.3;800;nie;https://brokersmedia.pl/billboard/straconki-ii-1/;https://maps.app.goo.gl/kxNtJXfwqePEUHNcA;Straconki, Leszczyny, Bielsko-Biała, województwo śląskie, 43-301, Polska
25;Bielsko-Biała;Bielsko-Biała;Straconki;II;2;49.801855;19.053705;reklama mobilna;mobile;490 x 230 cm;4.9;2.3;800;nie;https://brokersmedia.pl/billboard/straconki-ii-2/;https://maps.app.goo.gl/kxNtJXfwqePEUHNcA;Straconki, Leszczyny, Bielsko-Biała, województwo śląskie, 43-301, Polska
26;Bieruń;Babice;Śląska;;;50.062832;19.193444;reklama mobilna;mobile;490 x 230 cm;4.9;2.3;700;nie;https://brokersmedia.pl/billboard/slaska/;https://maps.app.goo.gl/i2Tnmm2yDBUXqJDC8;Śląska, Babice, gmina Oświęcim, powiat oświęcimski, województwo małopolskie, 43-155, Polska
27;Bieruń;Babice;Śląska;I;2;50.062832;19.193444;reklama mobilna;mobile;490 x 230 cm;4.9;2.3;700;nie;https://brokersmedia.pl/billboard/slaska-i-2/;https://maps.app.goo.gl/i2Tnmm2yDBUXqJDC8;Śląska, Babice, gmina Oświęcim, powiat oświęcimski, województwo małopolskie, 43-155, Polska
28;Bieruń;Bieruń;Warszawska;;;50.078837;19.164769;billboard;billboard;600 x 300 cm;6.0;3.0;1250;nie;https://brokersmedia.pl/billboard/warszawska-weglowa/;https://maps.app.goo.gl/7LqhLmARgEy3Xf2T7;Warszawska, Bieruń Nowy, Bieruń, powiat bieruńsko-lędziński, Górnośląsko-Zagłębiowska Metropolia, województwo śląskie, 43-155, Polska
29;Bieruń;Bieruń;Warszawska;;;50.077681;19.175693;billboard;billboard;600 x 300 cm;6.0;3.0;1350;nie;https://brokersmedia.pl/billboard/warszawska/;https://maps.app.goo.gl/YiCxK3Y6QxKR3WMH9;Warszawska, Bieruń Nowy, Bieruń, powiat bieruńsko-lędziński, Górnośląsko-Zagłębiowska Metropolia, województwo śląskie, 43-155, Polska
30;Bieruń;Bieruń;Warszawska;;2;50.077681;19.175693;billboard;billboard;600 x 300 cm;6.0;3.0;1250;nie;https://brokersmedia.pl/billboard/warszawska-ii-1-2/;https://maps.app.goo.gl/YiCxK3Y6QxKR3WMH9;Warszawska, Bieruń Nowy, Bieruń, powiat bieruńsko-lędziński, Górnośląsko-Zagłębiowska Metropolia, województwo śląskie, 43-155, Polska
31;Bieruń;Bieruń;Warszawska;II;2;50.077681;19.175693;billboard;billboard;600 x 300 cm;6.0;3.0;1350;nie;https://brokersmedia.pl/billboard/warszawska-ii-2/;https://maps.app.goo.gl/YiCxK3Y6QxKR3WMH9;Warszawska, Bieruń Nowy, Bieruń, powiat bieruńsko-lędziński, Górnośląsko-Zagłębiowska Metropolia, województwo śląskie, 43-155, Polska
32;Bieruń;Bieruń;Warszawska;I;2;50.077681;19.175693;billboard;billboard;600 x 300 cm;6.0;3.0;1250;nie;https://brokersmedia.pl/billboard/warszawska-i-2/;https://maps.app.goo.gl/YiCxK3Y6QxKR3WMH9;Warszawska, Bieruń Nowy, Bieruń, powiat bieruńsko-lędziński, Górnośląsko-Zagłębiowska Metropolia, województwo śląskie, 43-155, Polska
33;Bobrek;Bobrek;Krakowska;;;50.071358;19.258855;reklama mobilna;mobile;490 x 230 cm;4.9;2.3;700;nie;https://brokersmedia.pl/billboard/krakowska/;https://maps.app.goo.gl/e8aiRanfsaXwgqYS7;Krakowska, Podkomorek, Bobrek, gmina Chełmek, powiat oświęcimski, województwo małopolskie, 32-661, Polska
34;Bobrek;Bobrek;Krakowska;;3;50.071358;19.258855;reklama mobilna;mobile;490 x 230 cm;4.9;2.3;700;nie;https://brokersmedia.pl/billboard/krakowska-i-2-3/;https://maps.app.goo.gl/e8aiRanfsaXwgqYS7;Krakowska, Podkomorek, Bobrek, gmina Chełmek, powiat oświęcimski, województwo małopolskie, 32-661, Polska
35;Brzeszcze;Brzeszcze;Ofiar Oświęcimia;I;;49.97495;19.145149;reklama mobilna;mobile;490 x 230 cm;4.9;2.3;600;nie;https://brokersmedia.pl/billboard/ofiar-oswiecimia-i/;https://maps.app.goo.gl/zPUb3KBDY55JLg2y7;Ofiar Oświęcimia, Podpole, Brzeszcze, gmina Brzeszcze, powiat oświęcimski, województwo małopolskie, 32-620, Polska
36;Brzeszcze;Brzeszcze;Ofiar Oświęcimia;I;2;49.97495;19.145149;reklama mobilna;mobile;490 x 230 cm;4.9;2.3;600;nie;https://brokersmedia.pl/billboard/ofiar-oswiecimia-i-2/;https://maps.app.goo.gl/zPUb3KBDY55JLg2y7;Ofiar Oświęcimia, Podpole, Brzeszcze, gmina Brzeszcze, powiat oświęcimski, województwo małopolskie, 32-620, Polska
37;Brzeszcze;Brzeszcze;Ofiar Oświęcimia;II;2;49.97495;19.145149;billboard;billboard;504 x 238 cm;5.04;2.38;950;nie;https://brokersmedia.pl/billboard/ofiar-oswiecimia-ii-2/;https://maps.app.goo.gl/zPUb3KBDY55JLg2y7;Ofiar Oświęcimia, Podpole, Brzeszcze, gmina Brzeszcze, powiat oświęcimski, województwo małopolskie, 32-620, Polska
38;Brzeszcze;Brzeszcze;Ofiar Oświęcimia;II;;49.974681;19.144692;billboard;billboard;504 x 238 cm;5.04;2.38;1250;nie;https://brokersmedia.pl/billboard/ofiar-oswiecimia-ii/;https://maps.app.goo.gl/7mEWThQjF6TyefNV8;Ofiar Oświęcimia, Lisowce, Brzeszcze, gmina Brzeszcze, powiat oświęcimski, województwo małopolskie, 32-626, Polska
39;Brzeszcze;Brzeszcze;Ofiar Oświęcimia;III;2;49.974681;19.144692;billboard;billboard;504 x 238 cm;5.04;2.38;950;nie;https://brokersmedia.pl/billboard/ofiar-oswiecimia-iii-2/;https://maps.app.goo.gl/7mEWThQjF6TyefNV8;Ofiar Oświęcimia, Lisowce, Brzeszcze, gmina Brzeszcze, powiat oświęcimski, województwo małopolskie, 32-626, Polska
40;Brzeszcze;Brzeszcze;Ofiar Oświęcimia;IV;2;49.974681;19.144692;billboard;billboard;504 x 238 cm;5.04;2.38;850;nie;https://brokersmedia.pl/billboard/ofiar-oswiecimia-iv-2/;https://maps.app.goo.gl/7mEWThQjF6TyefNV8;Ofiar Oświęcimia, Lisowce, Brzeszcze, gmina Brzeszcze, powiat oświęcimski, województwo małopolskie, 32-626, Polska
41;Brzeszcze;Brzeszcze;Ofiar Oświęcimia;;;49.998114;19.173838;reklama mobilna;mobile;504 x 238 cm;5.04;2.38;700;nie;https://brokersmedia.pl/billboard/ofiar-oswiecimia-v/;https://maps.app.goo.gl/Nb44crsXxXmuKPGF6;Ofiar Oświęcimia, Budy, Wilcze Doły, Brzeszcze, gmina Brzeszcze, powiat oświęcimski, województwo małopolskie, 32-625, Polska
42;Brzeszcze;Brzeszcze;Ofiar Oświęcimia;VI;1;49.9895556;19.1637778;reklama mobilna;mobile;504 x 238 cm;5.04;2.38;700;nie;https://brokersmedia.pl/billboard/ofiar-oswiecimia-vi-1/;https://maps.app.goo.gl/gbGcY8G9Rpa54axW9;Ofiar Oświęcimia, Szczotki, Wilcze Doły, Brzeszcze, gmina Brzeszcze, powiat oświęcimski, województwo małopolskie, 32-620, Polska
43;Brzeszcze;Brzeszcze;Ofiar Oświęcimia;VI;2;49.9895556;19.1637778;reklama mobilna;mobile;504 x 238 cm;5.04;2.38;700;nie;https://brokersmedia.pl/billboard/ofiar-oswiecimia-vi-2/;https://maps.app.goo.gl/gbGcY8G9Rpa54axW9;Ofiar Oświęcimia, Szczotki, Wilcze Doły, Brzeszcze, gmina Brzeszcze, powiat oświęcimski, województwo małopolskie, 32-620, Polska
44;Brzeszcze;Brzeszcze;Turystyczna;I;1;49.96625;19.1386111;reklama mobilna;mobile;504 x 238 cm;5.04;2.38;700;nie;https://brokersmedia.pl/billboard/turystyczna-i-1/;https://maps.app.goo.gl/a8eaFns1mYXwDch4A;Turystyczna, Kacza, Brzeszcze, gmina Brzeszcze, powiat oświęcimski, województwo małopolskie, 36-626, Polska
45;Brzeszcze;Brzeszcze;Turystyczna;I;2;49.96625;19.1386111;reklama mobilna;mobile;504 x 238 cm;5.04;2.38;700;nie;https://brokersmedia.pl/billboard/turystyczna-i-2/;https://maps.app.goo.gl/a8eaFns1mYXwDch4A;Turystyczna, Kacza, Brzeszcze, gmina Brzeszcze, powiat oświęcimski, województwo małopolskie, 36-626, Polska
46;Brzeszcze;Brzeszcze;Ofiar Oświęcimia;;;49.976773;19.147084;reklama mobilna;mobile;504 x 238 cm;5.04;2.38;700;nie;https://maps.app.goo.gl/JnCPjM5jfiv5hz2L7;https://maps.app.goo.gl/JnCPjM5jfiv5hz2L7;Ofiar Oświęcimia, Podpole, Brzeszcze, gmina Brzeszcze, powiat oświęcimski, województwo małopolskie, 32-620, Polska
47;Brzeszcze;Brzeszcze;Ofiar Oświęcimia;;;49.976773;19.147084;reklama mobilna;mobile;504 x 238 cm;5.04;2.38;700;nie;https://maps.app.goo.gl/JnCPjM5jfiv5hz2L7;https://maps.app.goo.gl/JnCPjM5jfiv5hz2L7;Ofiar Oświęcimia, Podpole, Brzeszcze, gmina Brzeszcze, powiat oświęcimski, województwo małopolskie, 32-620, Polska
48;Buczkowice;Buczkowice;Bielska;;2;49.73525;19.0664444;reklama mobilna;mobile;490 x 230 cm;4.9;2.3;600;nie;https://brokersmedia.pl/billboard/bielska-2/;https://maps.app.goo.gl/xcEydBL3PmYqBw429;Bielska, Plac u Zoniów, Buczkowice, gmina Buczkowice, powiat bielski, województwo śląskie, 43-374, Polska
49;Buczkowice;Buczkowice;Bielska;I;2;49.73525;19.0664444;reklama mobilna;mobile;490 x 230 cm;4.9;2.3;600;nie;https://brokersmedia.pl/billboard/bielska-i-2/;https://maps.app.goo.gl/xcEydBL3PmYqBw429;Bielska, Plac u Zoniów, Buczkowice, gmina Buczkowice, powiat bielski, województwo śląskie, 43-374, Polska
50;Bulowice;Bulowice;Bielska;;;49.879881;19.260295;reklama mobilna;mobile;504 x 238 cm;5.04;2.38;700;nie;https://brokersmedia.pl/billboard/bielska/;https://maps.app.goo.gl/QBeMPBSWpikyw1VJ6;Bielska, Stara Droga Dolna, Bulowice, gmina Kęty, powiat oświęcimski, województwo małopolskie, 32-652, Polska
51;Bulowice;Bulowice;Bielska;;2;49.879881;19.260295;reklama mobilna;mobile;504 x 238 cm;5.04;2.38;900;nie;https://brokersmedia.pl/billboard/bielska-i-2-2/;https://maps.app.goo.gl/QBeMPBSWpikyw1VJ6;Bielska, Stara Droga Dolna, Bulowice, gmina Kęty, powiat oświęcimski, województwo małopolskie, 32-652, Polska
52;Chrzanów;Chrzanów;Borowcowa;;;50.1258748;19.3981133;billboard;billboard;600 x 300 cm;6.0;3.0;1350;nie;https://brokersmedia.pl/billboard/borowcowa/;https://maps.app.goo.gl/xNQTYx13u2FUAErk7;Borowcowa, Kolonia Rospontowa, Chrzanów, gmina Chrzanów, powiat chrzanowski, województwo małopolskie, 32-500, Polska
53;Głębowice;Głębowice;Oświęcimska;;;49.946243;19.331911;reklama mobilna;mobile;490 x 230 cm;4.9;2.3;700;nie;https://brokersmedia.pl/billboard/oswiecimska-kulturowa/;https://maps.app.goo.gl/BBRDkUtWJy8LTcki8;Oświęcimska, Górna Wieś, Głębowice, gmina Osiek, powiat oświęcimski, województwo małopolskie, 32-607, Polska
54;Głębowice;Głębowice;Oświęcimska;I;2;49.946243;19.331911;reklama mobilna;mobile;490 x 230 cm;4.9;2.3;700;nie;https://brokersmedia.pl/billboard/kulturowa-i-2/;https://maps.app.goo.gl/BBRDkUtWJy8LTcki8;Oświęcimska, Górna Wieś, Głębowice, gmina Osiek, powiat oświęcimski, województwo małopolskie, 32-607, Polska
55;Głębowice;Głębowice;Wadowicka;;;49.930494;19.331959;billboard;billboard;504 x 238 cm;5.04;2.38;950;nie;https://brokersmedia.pl/billboard/wadowicka-oswiecimska/;https://maps.app.goo.gl/VfbEfiNQ7H1ff9at7;Wadowicka, Sporowice, Głębowice, gmina Osiek, powiat oświęcimski, województwo małopolskie, 34-122, Polska
56;Głębowice;Głębowice;Wadowicka;I;2;49.930494;19.331959;billboard;billboard;504 x 238 cm;5.04;2.38;850;nie;https://brokersmedia.pl/billboard/wadowicka-i-2/;https://maps.app.goo.gl/VfbEfiNQ7H1ff9at7;Wadowicka, Sporowice, Głębowice, gmina Osiek, powiat oświęcimski, województwo małopolskie, 34-122, Polska
57;Głębowice;Głębowice;Wadowicka;;;49.930494;19.331959;billboard;billboard;600 x 300 cm;6.0;3.0;1350;tak;https://maps.app.goo.gl/VfbEfiNQ7H1ff9at7;https://maps.app.goo.gl/VfbEfiNQ7H1ff9at7;Wadowicka, Sporowice, Głębowice, gmina Osiek, powiat oświęcimski, województwo małopolskie, 34-122, Polska
58;Kęty;Kęty;Adama Mickiewicza;I;1;49.891;19.2194167;reklama mobilna;mobile;490 x 230 cm;4.9;2.3;700;nie;https://brokersmedia.pl/billboard/adama-mickiewicza-i-1/;https://maps.app.goo.gl/cVUaiXi3gbKyBLsHA;Adama Mickiewicza, Kęty, gmina Kęty, powiat oświęcimski, województwo małopolskie, 32-650, Polska
59;Kęty;Kęty;Adama Mickiewicza;I;2;49.891;19.2194167;reklama mobilna;mobile;490 x 230 cm;4.9;2.3;700;nie;https://brokersmedia.pl/billboard/adama-mickiewicza-i-2/;https://maps.app.goo.gl/cVUaiXi3gbKyBLsHA;Adama Mickiewicza, Kęty, gmina Kęty, powiat oświęcimski, województwo małopolskie, 32-650, Polska
60;Kęty;Kęty;Fabryczna;I;1;49.8900833;19.2300556;reklama mobilna;mobile;490 x 230 cm;4.9;2.3;800;nie;https://brokersmedia.pl/billboard/fabryczna-i-1/;https://maps.app.goo.gl/9vsL2mysWQVVGYXo6;Fabryczna, Kęty, gmina Kęty, powiat oświęcimski, województwo małopolskie, 32-650, Polska
61;Kęty;Kęty;Fabryczna;;3;49.8900833;19.2300556;reklama mobilna;mobile;490 x 230 cm;4.9;2.3;800;nie;https://brokersmedia.pl/billboard/fabryczna-i-2-3/;https://maps.app.goo.gl/9vsL2mysWQVVGYXo6;Fabryczna, Kęty, gmina Kęty, powiat oświęcimski, województwo małopolskie, 32-650, Polska
62;Kęty;Kęty;Jana Pawła II;I;1;49.8910556;19.2273611;reklama mobilna;mobile;400 x 200 cm;4.0;2.0;600;nie;https://brokersmedia.pl/billboard/jana-pawla-i-1/;https://maps.app.goo.gl/Tsw3mQ8Jmu7bfuGv9;Jana Pawła II, Kęty, gmina Kęty, powiat oświęcimski, województwo małopolskie, 32-650, Polska
63;Kęty;Kęty;Jana Pawła II;I;2;49.8910556;19.2273611;reklama mobilna;mobile;400 x 200 cm;4.0;2.0;600;nie;https://brokersmedia.pl/billboard/jana-pawla-i-2/;https://maps.app.goo.gl/Tsw3mQ8Jmu7bfuGv9;Jana Pawła II, Kęty, gmina Kęty, powiat oświęcimski, województwo małopolskie, 32-650, Polska
64;Kęty;Kęty;Tadeusza Kościuszki;I;1;49.8655;19.2272222;reklama mobilna;mobile;400 x 200 cm;4.0;2.0;700;nie;https://brokersmedia.pl/billboard/kosciuszki-i-1/;https://maps.app.goo.gl/EXFUrZkKKLGjNzzb8;Tadeusza Kościuszki, Kęty, gmina Kęty, powiat oświęcimski, województwo małopolskie, 31-650, Polska
65;Kęty;Kęty;Tadeusza Kościuszki;I;2;49.8655;19.2272222;reklama mobilna;mobile;400 x 200 cm;4.0;2.0;700;nie;https://brokersmedia.pl/billboard/kosciuszki-i-2/;https://maps.app.goo.gl/EXFUrZkKKLGjNzzb8;Tadeusza Kościuszki, Kęty, gmina Kęty, powiat oświęcimski, województwo małopolskie, 31-650, Polska
66;Kęty;Łęki;949;I;1;49.964;19.2168333;reklama mobilna;mobile;490 x 230 cm;4.9;2.3;700;nie;https://brokersmedia.pl/billboard/lecka-i-1/;https://maps.app.goo.gl/yKWKCHhCn5La524m7;949, Łęki, gmina Kęty, powiat oświęcimski, województwo małopolskie, 32-615, Polska
67;Kęty;Łęki;949;I;2;49.964;19.2168333;reklama mobilna;mobile;490 x 230 cm;4.9;2.3;700;nie;https://brokersmedia.pl/billboard/lecka-i-2/;https://maps.app.goo.gl/yKWKCHhCn5La524m7;949, Łęki, gmina Kęty, powiat oświęcimski, województwo małopolskie, 32-615, Polska
68;Kęty;Nowa Wieś;Oświęcimska;;;49.914371;19.215453;billboard;billboard;504 x 238 cm;5.04;2.38;1000;nie;https://brokersmedia.pl/billboard/oswiecimska/;https://maps.app.goo.gl/UpZisMjb2HSmYN9YA;Oświęcimska, Nowa Wieś, gmina Kęty, powiat oświęcimski, województwo małopolskie, 32-651, Polska
69;Kęty;Nowa Wieś;Oświęcimska;;2;49.914371;19.215453;billboard;billboard;504 x 238 cm;5.04;2.38;1000;nie;https://brokersmedia.pl/billboard/oswiecimska-i-2-2/;https://maps.app.goo.gl/UpZisMjb2HSmYN9YA;Oświęcimska, Nowa Wieś, gmina Kęty, powiat oświęcimski, województwo małopolskie, 32-651, Polska
70;Kęty;Łęki;948;I;;49.963837;19.217029;billboard;billboard;504 x 238 cm;5.04;2.38;1000;nie;https://brokersmedia.pl/billboard/piastowska-i/;https://maps.app.goo.gl/W95cSjf5aXbma4JLA;948, Łęki, gmina Kęty, powiat oświęcimski, województwo małopolskie, 32-615, Polska
71;Kęty;Łęki;948;I;2;49.963837;19.217029;billboard;billboard;504 x 238 cm;5.04;2.38;800;nie;https://brokersmedia.pl/billboard/piastowska-i-2/;https://maps.app.goo.gl/W95cSjf5aXbma4JLA;948, Łęki, gmina Kęty, powiat oświęcimski, województwo małopolskie, 32-615, Polska
72;Kęty;Łęki;Piastowska;III;2;49.9468333;19.2098889;billboard;billboard;504 x 238 cm;5.04;2.38;600;nie;https://brokersmedia.pl/billboard/piastowska-iii-2/;https://maps.app.goo.gl/hJFcbZfcZnbRrV3z6;Piastowska, Łęki, gmina Kęty, powiat oświęcimski, województwo małopolskie, 32-651, Polska
73;Libiąż;Libiąż;Krakowska;I;1;50.0926944;19.29775;reklama mobilna;mobile;504 x 238 cm;5.04;2.38;700;nie;https://brokersmedia.pl/billboard/biala-i-1/;https://maps.app.goo.gl/UjKzBUjZAH83FBMQA;Krakowska, Wałgasz, Libiąż, gmina Libiąż, powiat chrzanowski, województwo małopolskie, 35-590, Polska
74;Libiąż;Libiąż;Krakowska;I;2;50.0926944;19.29775;reklama mobilna;mobile;504 x 238 cm;5.04;2.38;700;nie;https://brokersmedia.pl/billboard/biala-i-2/;https://maps.app.goo.gl/UjKzBUjZAH83FBMQA;Krakowska, Wałgasz, Libiąż, gmina Libiąż, powiat chrzanowski, województwo małopolskie, 35-590, Polska
75;Libiąż;Libiąż;"780;933";II;;50.093148;19.29729;reklama mobilna;mobile;504 x 238 cm;5.04;2.38;700;nie;https://brokersmedia.pl/billboard/biala-ii/;https://maps.app.goo.gl/nUfKvqeqQ3tBiPGP8;"780;933, Smolarnia, Libiąż, gmina Libiąż, powiat chrzanowski, województwo małopolskie, 35-590, Polska"
76;Libiąż;Libiąż;Chrzanowska;I;;50.108538;19.33509;reklama mobilna;mobile;504 x 238 cm;5.04;2.38;700;nie;https://brokersmedia.pl/billboard/chrzanowska-i/;https://maps.app.goo.gl/ScYUSeXwBmju4dum8;Chrzanowska, Zapaści, Libiąż Mały, Libiąż, gmina Libiąż, powiat chrzanowski, województwo małopolskie, 32-590, Polska
77;Libiąż;Libiąż;Chrzanowska;I;2;50.108538;19.33509;reklama mobilna;mobile;504 x 238 cm;5.04;2.38;700;nie;https://brokersmedia.pl/billboard/chrzanowska-i-2/;https://maps.app.goo.gl/ScYUSeXwBmju4dum8;Chrzanowska, Zapaści, Libiąż Mały, Libiąż, gmina Libiąż, powiat chrzanowski, województwo małopolskie, 32-590, Polska
78;Libiąż;Libiąż;Chrzanowska;II;1;50.1106944;19.3416667;reklama mobilna;mobile;504 x 238 cm;5.04;2.38;700;nie;https://brokersmedia.pl/billboard/chrzanowska-ii-1/;https://maps.app.goo.gl/bNFsauTK9dDC6c3FA;Chrzanowska, Kamieniec, Libiąż Mały, Libiąż, gmina Libiąż, powiat chrzanowski, województwo małopolskie, 32-593, Polska
79;Libiąż;Libiąż;Chrzanowska;;3;50.1106944;19.3416667;reklama mobilna;mobile;504 x 238 cm;5.04;2.38;700;nie;https://brokersmedia.pl/billboard/chrzanowska-ii-2-3/;https://maps.app.goo.gl/bNFsauTK9dDC6c3FA;Chrzanowska, Kamieniec, Libiąż Mały, Libiąż, gmina Libiąż, powiat chrzanowski, województwo małopolskie, 32-593, Polska
80;Libiąż;Libiąż;Oświęcimska;I;;50.093208;19.297723;reklama mobilna;mobile;504 x 238 cm;5.04;2.38;700;nie;https://brokersmedia.pl/billboard/oswiecimska-i/;https://maps.app.goo.gl/VMQTTQyqareHYnSx5;Oświęcimska, Smolarnia, Libiąż, gmina Libiąż, powiat chrzanowski, województwo małopolskie, 35-590, Polska
81;Libiąż;Libiąż;Oświęcimska;I;2;50.093208;19.297723;reklama mobilna;mobile;504 x 238 cm;5.04;2.38;700;nie;https://brokersmedia.pl/billboard/oswiecimska-i-2/;https://maps.app.goo.gl/VMQTTQyqareHYnSx5;Oświęcimska, Smolarnia, Libiąż, gmina Libiąż, powiat chrzanowski, województwo małopolskie, 35-590, Polska
82;Libiąż;Libiąż;Oświęcimska;II;;50.094491;19.299771;reklama mobilna;mobile;504 x 238 cm;5.04;2.38;700;nie;https://brokersmedia.pl/billboard/oswiecimska-ii/;https://maps.app.goo.gl/vQbCEnfZtjYqJSYq9;Oświęcimska, Górka, Libiąż Duży, Libiąż, gmina Libiąż, powiat chrzanowski, województwo małopolskie, 35-590, Polska
83;Libiąż;Libiąż;Oświęcimska;II;2;50.094491;19.299771;reklama mobilna;mobile;504 x 238 cm;5.04;2.38;700;nie;https://brokersmedia.pl/billboard/oswiecimska-ii-2/;https://maps.app.goo.gl/vQbCEnfZtjYqJSYq9;Oświęcimska, Górka, Libiąż Duży, Libiąż, gmina Libiąż, powiat chrzanowski, województwo małopolskie, 35-590, Polska
84;Libiąż;Libiąż;Oświęcimska;III;1;50.0974444;19.3041944;reklama mobilna;mobile;504 x 238 cm;5.04;2.38;700;nie;https://brokersmedia.pl/billboard/oswiecimska-iii-1/;https://maps.app.goo.gl/QsA5eszsvzATnvpp6;Oświęcimska, Górki, Libiąż Duży, Libiąż, gmina Libiąż, powiat chrzanowski, województwo małopolskie, 35-590, Polska
85;Libiąż;Libiąż;Oświęcimska;III;2;50.0974444;19.3041944;reklama mobilna;mobile;504 x 238 cm;5.04;2.38;700;nie;https://brokersmedia.pl/billboard/oswiecimska-iii-2/;https://maps.app.goo.gl/QsA5eszsvzATnvpp6;Oświęcimska, Górki, Libiąż Duży, Libiąż, gmina Libiąż, powiat chrzanowski, województwo małopolskie, 35-590, Polska
86;Osiek;Rzepowskie;Główna;;;49.944572;19.276861;billboard;billboard;504 x 238 cm;5.04;2.38;1000;nie;https://brokersmedia.pl/billboard/glowna-molo-osiek/;https://maps.app.goo.gl/ujYu7Rn77ZQbMA167;Główna, Stara Droga, Rzepowskie, Osiek, gmina Osiek, powiat oświęcimski, województwo małopolskie, 32-608, Polska
87;Osiek;Rzepowskie;Główna;I;2;49.944572;19.276861;billboard;billboard;504 x 238 cm;5.04;2.38;1000;nie;https://brokersmedia.pl/billboard/glowna-molo-osiek-i-2/;https://maps.app.goo.gl/ujYu7Rn77ZQbMA167;Główna, Stara Droga, Rzepowskie, Osiek, gmina Osiek, powiat oświęcimski, województwo małopolskie, 32-608, Polska
88;Osiek;Osiek;Główna;;;49.966746;19.219583;billboard;billboard;504 x 238 cm;5.04;2.38;1000;nie;https://brokersmedia.pl/billboard/glowna-tarniowka/;https://maps.app.goo.gl/noofSZ9bLM28YgzE9;Główna, Osiek, gmina Osiek, powiat oświęcimski, województwo małopolskie, 32-615, Polska
89;Osiek;Osiek;Główna;II;1;49.966746;19.219583;billboard;billboard;504 x 238 cm;5.04;2.38;1000;nie;https://brokersmedia.pl/billboard/glowna-ii-1/;https://maps.app.goo.gl/noofSZ9bLM28YgzE9;Główna, Osiek, gmina Osiek, powiat oświęcimski, województwo małopolskie, 32-615, Polska
90;Oświęcim;Oświęcim;Ceglana;I;1;50.02466;19.230387;reklama mobilna;mobile;504 x 238 cm;5.04;2.38;700;nie;https://brokersmedia.pl/billboard/ceglana-i-1/;https://maps.app.goo.gl/MorNVNgVz6vobpnM7;Ceglana, Paździory, Stare Stawy, Oświęcim, powiat oświęcimski, województwo małopolskie, 32-602, Polska
91;Oświęcim;Oświęcim;Ceglana;I;2;50.02466;19.230387;reklama mobilna;mobile;504 x 238 cm;5.04;2.38;700;nie;https://brokersmedia.pl/billboard/ceglana-i-2/;https://maps.app.goo.gl/MorNVNgVz6vobpnM7;Ceglana, Paździory, Stare Stawy, Oświęcim, powiat oświęcimski, województwo małopolskie, 32-602, Polska
92;Oświęcim;Oświęcim;Zatorska;;;50.02486;19.23044;billboard;billboard;490 x 230 cm;4.9;2.3;900;nie;https://maps.app.goo.gl/F7taAwJvdPzu4JfR6;https://maps.app.goo.gl/F7taAwJvdPzu4JfR6;Zatorska, Paździory, Stare Stawy, Oświęcim, powiat oświęcimski, województwo małopolskie, 32-602, Polska
93;Oświęcim;Oświęcim;Zatorska;;;50.02486;19.23044;billboard;billboard;490 x 230 cm;4.9;2.3;900;nie;https://maps.app.goo.gl/F7taAwJvdPzu4JfR6;https://maps.app.goo.gl/F7taAwJvdPzu4JfR6;Zatorska, Paździory, Stare Stawy, Oświęcim, powiat oświęcimski, województwo małopolskie, 32-602, Polska
94;Oświęcim;Oświęcim;Chemików;I;;50.034721;19.253068;billboard;billboard;504 x 238 cm;5.04;2.38;800;tak;https://brokersmedia.pl/billboard/chemikow-i/;https://maps.app.goo.gl/MTJLb65uYh2d6LJGA;Chemików, Oświęcim, powiat oświęcimski, województwo małopolskie, 32-602, Polska
95;Oświęcim;Oświęcim;Chemików;I;2;50.034721;19.253068;billboard;billboard;504 x 238 cm;5.04;2.38;1000;nie;https://brokersmedia.pl/billboard/chemikow-i-2/;https://maps.app.goo.gl/MTJLb65uYh2d6LJGA;Chemików, Oświęcim, powiat oświęcimski, województwo małopolskie, 32-602, Polska
96;Oświęcim;Oświęcim;Zygmunta Krasińskiego;;2;50.037939;19.24356;billboard;billboard;490 x 230 cm;4.9;2.3;800;nie;https://brokersmedia.pl/billboard/dabrowskiego-2/;https://maps.app.goo.gl/QEasDLbQouopHfUP8;Zygmunta Krasińskiego, Osiedle Chemików, Stare Stawy, Oświęcim, powiat oświęcimski, województwo małopolskie, 32-602, Polska
97;Oświęcim;Oświęcim;Zygmunta Krasińskiego;II;;50.037939;19.24356;billboard;billboard;504 x 238 cm;5.04;2.38;1000;nie;https://brokersmedia.pl/billboard/dabrowskiego-ii/;https://maps.app.goo.gl/QEasDLbQouopHfUP8;Zygmunta Krasińskiego, Osiedle Chemików, Stare Stawy, Oświęcim, powiat oświęcimski, województwo małopolskie, 32-602, Polska
98;Oświęcim;Oświęcim;Fabryczna;I;;50.0307928;19.254184;billboard;billboard;504 x 238 cm;5.04;2.38;950;nie;https://brokersmedia.pl/billboard/fabryczna-i/;https://maps.app.goo.gl/5YUtxyNULUgsTkHG9;Fabryczna, Oświęcim, powiat oświęcimski, województwo małopolskie, 32-602, Polska
99;Oświęcim;Oświęcim;Fabryczna;II;;50.030404;19.290971;billboard;billboard;504 x 238 cm;5.04;2.38;800;nie;https://brokersmedia.pl/billboard/fabryczna-ii/;https://maps.app.goo.gl/Tkp47hKdqXV3Lq4HA;Fabryczna, Monowice, Oświęcim, powiat oświęcimski, województwo małopolskie, 32-642, Polska
100;Oświęcim;Oświęcim;Fabryczna;I;2;50.030404;19.290971;billboard;billboard;504 x 238 cm;5.04;2.38;800;nie;https://brokersmedia.pl/billboard/fabryczna-i-2/;https://maps.app.goo.gl/Tkp47hKdqXV3Lq4HA;Fabryczna, Monowice, Oświęcim, powiat oświęcimski, województwo małopolskie, 32-642, Polska
101;Oświęcim;Oświęcim;Fabryczna;II;2;50.0307928;19.254184;billboard;billboard;;;;400;nie;https://brokersmedia.pl/billboard/fabryczna-ii-2/;https://maps.app.goo.gl/5YUtxyNULUgsTkHG9;Fabryczna, Oświęcim, powiat oświęcimski, województwo małopolskie, 32-602, Polska
102;Oświęcim;Oświęcim;Fabryczna;;2;50.0307928;19.254184;billboard;billboard;504 x 238 cm;5.04;2.38;1000;tak;https://brokersmedia.pl/billboard/fabryczna-i-2-2/;https://maps.app.goo.gl/5YUtxyNULUgsTkHG9;Fabryczna, Oświęcim, powiat oświęcimski, województwo małopolskie, 32-602, Polska
103;Oświęcim;Oświęcim;Władysława Jagiełły;;;50.0305561;19.2198369;billboard;billboard;600 x 300 cm;6.0;3.0;1250;nie;https://brokersmedia.pl/billboard/jagielly/;https://maps.app.goo.gl/zLnBQVRHXHYzXc9j8;Władysława Jagiełły, Stare Stawy, Oświęcim, powiat oświęcimski, województwo małopolskie, 32-600, Polska
104;Oświęcim;Oświęcim;Władysława Jagiełły;I;2;50.0305561;19.2198369;billboard;billboard;600 x 300 cm;6.0;3.0;1000;nie;https://brokersmedia.pl/billboard/jagielly-i-2/;https://maps.app.goo.gl/zLnBQVRHXHYzXc9j8;Władysława Jagiełły, Stare Stawy, Oświęcim, powiat oświęcimski, województwo małopolskie, 32-600, Polska
105;Oświęcim;Oświęcim;Garbarska;;;50.038223;19.208879;reklama mobilna;mobile;400 x 200 cm;4.0;2.0;600;nie;https://brokersmedia.pl/billboard/kilinskiego-garbarska/;https://maps.app.goo.gl/cVezyU8zPP3qrUz2A;Garbarska, Zasole, Stare Stawy, Oświęcim, powiat oświęcimski, województwo małopolskie, 32-600, Polska
106;Oświęcim;Oświęcim;Garbarska;I;2;50.038223;19.208879;reklama mobilna;mobile;400 x 200 cm;4.0;2.0;600;nie;https://brokersmedia.pl/billboard/kilinskiego-garbarska-i-2/;https://maps.app.goo.gl/cVezyU8zPP3qrUz2A;Garbarska, Zasole, Stare Stawy, Oświęcim, powiat oświęcimski, województwo małopolskie, 32-600, Polska
107;Oświęcim;Oświęcim;Maksymiliana Marii Kolbego;;;50.02735;19.19682;billboard;billboard;504 x 238 cm;5.04;2.38;1000;nie;https://brokersmedia.pl/billboard/kolbego/;https://maps.app.goo.gl/XEziMenJZnhsLxF86;Maksymiliana Marii Kolbego, Osiedle Witolda Pileckiego, Stare Stawy, Oświęcim, powiat oświęcimski, województwo małopolskie, 32-600, Polska
108;Oświęcim;Oświęcim;Maksymiliana Marii Kolbego;I;2;50.027297;19.196836;billboard;billboard;504 x 238 cm;5.04;2.38;1000;nie;https://brokersmedia.pl/billboard/kolbego-i-2/;https://maps.app.goo.gl/SH7QhAtgN8bc9dcW8;Maksymiliana Marii Kolbego, Osiedle Witolda Pileckiego, Stare Stawy, Oświęcim, powiat oświęcimski, województwo małopolskie, 32-600, Polska
109;Oświęcim;Oświęcim;Stanisława Konarskiego;I;2;50.044158;19.21103;billboard;billboard;504 x 238 cm;5.04;2.38;900;nie;https://brokersmedia.pl/billboard/konarskiego-i-2/;https://maps.app.goo.gl/KijgYuLU3JWoiqmt5;Stanisława Konarskiego, Osiedle Błonie, Oświęcim, powiat oświęcimski, województwo małopolskie, 32-600, Polska
110;Oświęcim;Oświęcim;Stanisława Konarskiego;II;1;50.044559;19.210093;billboard;billboard;504 x 238 cm;5.04;2.38;1000;nie;https://brokersmedia.pl/billboard/konarskiego-ii-1/;https://maps.app.goo.gl/T117b3gpaiPCak7J7;Stanisława Konarskiego, Osiedle Błonie, Oświęcim, powiat oświęcimski, województwo małopolskie, 32-600, Polska
111;Oświęcim;Oświęcim;Stanisława Konarskiego;;;50.044139;19.211012;billboard;billboard;504 x 238 cm;5.04;2.38;700;nie;https://brokersmedia.pl/billboard/konarskiego/;https://maps.app.goo.gl/5xPrCjEqBYGXFgtVA;Stanisława Konarskiego, Osiedle Błonie, Oświęcim, powiat oświęcimski, województwo małopolskie, 32-600, Polska
112;Oświęcim;Oświęcim;Stanisława Konarskiego;II;2;50.044488;19.210296;billboard;billboard;504 x 238 cm;5.04;2.38;900;nie;https://brokersmedia.pl/billboard/konarskiego-ii-2/;https://maps.app.goo.gl/WWeCxbX3yRR9p6Fu7;Stanisława Konarskiego, Osiedle Błonie, Oświęcim, powiat oświęcimski, województwo małopolskie, 32-600, Polska
113;Oświęcim;Oświęcim;Marii Konopnickiej;I;2;50.048655;19.212769;reklama mobilna;mobile;490 x 230 cm;4.9;2.3;600;nie;https://brokersmedia.pl/billboard/konopnickiej-i-2/;https://maps.app.goo.gl/DEnxVnaSAjnrwgMx8;Marii Konopnickiej, Osiedle Błonie, Oświęcim, powiat oświęcimski, województwo małopolskie, 32-600, Polska
114;Oświęcim;Oświęcim;Marii Konopnickiej;II;1;50.049008;19.213387;billboard;billboard;504 x 238 cm;5.04;2.38;800;nie;https://brokersmedia.pl/billboard/konopnickiej-ii-1/;https://maps.app.goo.gl/oqxWWvFaHw9G8s7K6;Marii Konopnickiej, Osiedle Błonie, Oświęcim, powiat oświęcimski, województwo małopolskie, 32-602, Polska
115;Oświęcim;Oświęcim;Marii Konopnickiej;;;50.04867;19.212832;reklama mobilna;mobile;490 x 230 cm;4.9;2.3;600;nie;https://brokersmedia.pl/billboard/konopnickiej/;https://maps.app.goo.gl/bk8i4ndg8wqWrjha9;Marii Konopnickiej, Osiedle Błonie, Oświęcim, powiat oświęcimski, województwo małopolskie, 32-600, Polska
116;Oświęcim;Oświęcim;Marii Konopnickiej;II;2;50.049003;19.213353;billboard;billboard;504 x 238 cm;5.04;2.38;800;nie;https://brokersmedia.pl/billboard/konopnickiej-ii-2/;https://maps.app.goo.gl/REajexPURgVWjRE38;Marii Konopnickiej, Osiedle Błonie, Oświęcim, powiat oświęcimski, województwo małopolskie, 32-602, Polska
117;Oświęcim;Broszkowice;Krakowska;;4;50.061388;19.232731;reklama mobilna;mobile;504 x 238 cm;5.04;2.38;600;nie;https://brokersmedia.pl/billboard/krakowska-i-2-4/;https://maps.app.goo.gl/4jW5MpUcRdxfsFVf6;Krakowska, Za Sołą, Broszkowice, gmina Oświęcim, powiat oświęcimski, województwo małopolskie, 32-602, Polska
118;Oświęcim;Oświęcim;Królowej Jadwigi;;;50.035155;19.223285;reklama na aucie;mobile;504 x 238 cm;5.04;2.38;900;nie;https://brokersmedia.pl/billboard/krolowej-jadwigi/;https://maps.app.goo.gl/eSDSRFPTa5hSXmFq5;Królowej Jadwigi, Stare Stawy, Oświęcim, powiat oświęcimski, województwo małopolskie, 32-602, Polska
119;Oświęcim;Broszkowice;Krakowska;;;50.061388;19.232731;reklama mobilna;mobile;490 x 230 cm;4.9;2.3;600;nie;https://brokersmedia.pl/billboard/broszkowice/;https://maps.app.goo.gl/4jW5MpUcRdxfsFVf6;Krakowska, Za Sołą, Broszkowice, gmina Oświęcim, powiat oświęcimski, województwo małopolskie, 32-602, Polska
120;Oświęcim;Oświęcim;Królowej Jadwigi;I;2;50.035052;19.223159;reklama na aucie;mobile;504 x 238 cm;5.04;2.38;900;nie;https://brokersmedia.pl/billboard/krolowej-jadwigi-i-2/;https://maps.app.goo.gl/Vojh8ugvGcoZrpQ57;Królowej Jadwigi, Stare Stawy, Oświęcim, powiat oświęcimski, województwo małopolskie, 32-602, Polska
121;Oświęcim;Oświęcim;Królowej Jadwigi;II;2;50.035017;19.223126;reklama mobilna;mobile;490 x 230 cm;4.9;2.3;900;nie;https://brokersmedia.pl/billboard/krolowej-jadwigi-ii-2/;https://maps.app.goo.gl/g94ZnW8ciWJvH4kB7;Królowej Jadwigi, Stare Stawy, Oświęcim, powiat oświęcimski, województwo małopolskie, 32-602, Polska
122;Oświęcim;Oświęcim;Królowej Jadwigi;III;1;50.035017;19.223126;reklama mobilna;mobile;490 x 230 cm;4.9;2.3;900;nie;https://brokersmedia.pl/billboard/krolowej-jadwigi-iii-1/;https://maps.app.goo.gl/g94ZnW8ciWJvH4kB7;Królowej Jadwigi, Stare Stawy, Oświęcim, powiat oświęcimski, województwo małopolskie, 32-602, Polska
123;Oświęcim;Oświęcim;Królowej Jadwigi;II;;50.035037;19.223155;reklama mobilna;mobile;490 x 230 cm;4.9;2.3;900;nie;https://brokersmedia.pl/billboard/krolowej-jadwigi-ii/;https://maps.app.goo.gl/2rpEtWLYtU1npWWN8;Królowej Jadwigi, Stare Stawy, Oświęcim, powiat oświęcimski, województwo małopolskie, 32-602, Polska
124;Oświęcim;Oświęcim;Królowej Jadwigi;III;2;50.035037;19.223155;reklama mobilna;mobile;490 x 230 cm;4.9;2.3;900;nie;https://brokersmedia.pl/billboard/krolowej-jadwigi-iii-2/;https://maps.app.goo.gl/2rpEtWLYtU1npWWN8;Królowej Jadwigi, Stare Stawy, Oświęcim, powiat oświęcimski, województwo małopolskie, 32-602, Polska
125;Oświęcim;Oświęcim;"44;933";I;2;50.03432;19.210553;reklama mobilna;mobile;490 x 230 cm;4.9;2.3;700;nie;https://brokersmedia.pl/billboard/legionow-i-2/;https://maps.app.goo.gl/HEoGAHqyQ3TFHZsJ9;"44;933, Zasole, Stare Stawy, Oświęcim, powiat oświęcimski, województwo małopolskie, 32-600, Polska"
126;Oświęcim;Oświęcim;Legionów;II;;50.031597;19.210373;billboard;billboard;504 x 238 cm;5.04;2.38;1000;nie;https://brokersmedia.pl/billboard/legionow-ii/;https://maps.app.goo.gl/g2pCom37gxMu3mYS9;Legionów, Zasole, Stare Stawy, Oświęcim, powiat oświęcimski, województwo małopolskie, 32-600, Polska
127;Oświęcim;Oświęcim;"44;933";I;;50.034314;19.210561;reklama mobilna;mobile;490 x 230 cm;4.9;2.3;700;nie;https://brokersmedia.pl/billboard/legionow-i/;https://maps.app.goo.gl/MXFHdLQNQtJwFdqi7;"44;933, Zasole, Stare Stawy, Oświęcim, powiat oświęcimski, województwo małopolskie, 32-600, Polska"
128;Oświęcim;Oświęcim;Legionów;III;1;50.0314444;19.2103333;reklama mobilna;mobile;504 x 238 cm;5.04;2.38;800;nie;https://brokersmedia.pl/billboard/legionow-iii-1/;https://maps.app.goo.gl/Lt4eneT5SxQbVf8H9;Legionów, Zasole, Stare Stawy, Oświęcim, powiat oświęcimski, województwo małopolskie, 32-600, Polska
129;Oświęcim;Oświęcim;Legionów;III;2;50.0314444;19.2103333;reklama mobilna;mobile;504 x 238 cm;5.04;2.38;800;nie;https://brokersmedia.pl/billboard/legionow-iii-2/;https://maps.app.goo.gl/Lt4eneT5SxQbVf8H9;Legionów, Zasole, Stare Stawy, Oświęcim, powiat oświęcimski, województwo małopolskie, 32-600, Polska
130;Oświęcim;Oświęcim;Legionów;IV;1;50.0381111;19.2117778;reklama mobilna;mobile;504 x 238 cm;5.04;2.38;900;nie;https://brokersmedia.pl/billboard/legionow-iv-1/;https://maps.app.goo.gl/p8zVYjBjBfbtAw7A6;Legionów, Zasole, Stare Stawy, Oświęcim, powiat oświęcimski, województwo małopolskie, 32-600, Polska
131;Oświęcim;Oświęcim;Legionów;II;2;50.031621;19.210357;billboard;billboard;504 x 238 cm;5.04;2.38;1000;nie;https://brokersmedia.pl/billboard/legionow-ii-2/;https://maps.app.goo.gl/N8j7cDoRVQcd3svKA;Legionów, Zasole, Stare Stawy, Oświęcim, powiat oświęcimski, województwo małopolskie, 32-600, Polska
132;Oświęcim;Oświęcim;Aleja Tysiąclecia;;;50.036067;19.232063;billboard;billboard;504 x 238 cm;5.04;2.38;1000;nie;https://brokersmedia.pl/billboard/nojego-tysiaclecia/;https://maps.app.goo.gl/moxWArHxEbW2U4XD6;Aleja Tysiąclecia, Osiedle Chemików, Stare Stawy, Oświęcim, powiat oświęcimski, województwo małopolskie, 32-602, Polska
133;Oświęcim;Oświęcim;Józefa Nojego;;;50.038092;19.232636;reklama mobilna;mobile;504 x 238 cm;5.04;2.38;800;nie;https://brokersmedia.pl/billboard/nojego/;https://maps.app.goo.gl/hcD4gGTTB3tLPQEY7;Józefa Nojego, Stare Stawy, Oświęcim, powiat oświęcimski, województwo małopolskie, 32-602, Polska
134;Oświęcim;Oświęcim;Józefa Nojego;I;2;50.038092;19.232636;reklama mobilna;mobile;504 x 238 cm;5.04;2.38;800;nie;https://brokersmedia.pl/billboard/nojego-i-2/;https://maps.app.goo.gl/hcD4gGTTB3tLPQEY7;Józefa Nojego, Stare Stawy, Oświęcim, powiat oświęcimski, województwo małopolskie, 32-602, Polska
135;Oświęcim;Oświęcim;Legionów;IV;2;50.0381111;19.2117778;reklama mobilna;mobile;504 x 238 cm;5.04;2.38;900;nie;https://brokersmedia.pl/billboard/legionow-iv-2/;https://maps.app.goo.gl/a47GAQLSnrH4HYg59;Legionów, Zasole, Stare Stawy, Oświęcim, powiat oświęcimski, województwo małopolskie, 32-600, Polska
136;Oświęcim;Oświęcim;Stanisława Konarskiego;;2;50.046508;19.208553;billboard;billboard;504 x 238 cm;5.04;2.38;1000;nie;https://brokersmedia.pl/billboard/slaska-i-2-2/;https://maps.app.goo.gl/gWhVLV5toctwgVuY7;Stanisława Konarskiego, Osiedle Błonie, Oświęcim, powiat oświęcimski, województwo małopolskie, 32-600, Polska
137;Oświęcim;Oświęcim;Stanisława Konarskiego;II;1;50.046508;19.208553;billboard;billboard;504 x 238 cm;5.04;2.38;1100;tak;https://brokersmedia.pl/billboard/slaska-ii-1/;https://maps.app.goo.gl/gWhVLV5toctwgVuY7;Stanisława Konarskiego, Osiedle Błonie, Oświęcim, powiat oświęcimski, województwo małopolskie, 32-600, Polska
138;Oświęcim;Oświęcim;Stanisława Konarskiego;II;2;50.046508;19.208553;billboard;billboard;504 x 238 cm;5.04;2.38;1000;nie;https://brokersmedia.pl/billboard/slaska-ii-2/;https://maps.app.goo.gl/gWhVLV5toctwgVuY7;Stanisława Konarskiego, Osiedle Błonie, Oświęcim, powiat oświęcimski, województwo małopolskie, 32-600, Polska
139;Oświęcim;Oświęcim;Stanisława Konarskiego;I;1;50.046508;19.208553;billboard;billboard;504 x 238 cm;5.04;2.38;1000;nie;https://brokersmedia.pl/billboard/slaska-i-1/;https://maps.app.goo.gl/gWhVLV5toctwgVuY7;Stanisława Konarskiego, Osiedle Błonie, Oświęcim, powiat oświęcimski, województwo małopolskie, 32-600, Polska
140;Oświęcim;Oświęcim;Stanisława Konarskiego;III;2;50.046508;19.208553;billboard;billboard;504 x 238 cm;5.04;2.38;1000;nie;https://brokersmedia.pl/billboard/slaska-iii-2/;https://maps.app.goo.gl/gWhVLV5toctwgVuY7;Stanisława Konarskiego, Osiedle Błonie, Oświęcim, powiat oświęcimski, województwo małopolskie, 32-600, Polska
141;Oświęcim;Oświęcim;Stanisława Konarskiego;IV;1;50.046508;19.208553;billboard;billboard;504 x 238 cm;5.04;2.38;1000;nie;https://brokersmedia.pl/billboard/slaska-iv-1/;https://maps.app.goo.gl/gWhVLV5toctwgVuY7;Stanisława Konarskiego, Osiedle Błonie, Oświęcim, powiat oświęcimski, województwo małopolskie, 32-600, Polska
142;Oświęcim;Oświęcim;Stanisława Konarskiego;IV;2;50.046508;19.208553;billboard;billboard;504 x 238 cm;5.04;2.38;1000;nie;https://brokersmedia.pl/billboard/slaska-iv-2/;https://maps.app.goo.gl/gWhVLV5toctwgVuY7;Stanisława Konarskiego, Osiedle Błonie, Oświęcim, powiat oświęcimski, województwo małopolskie, 32-600, Polska
143;Oświęcim;Oświęcim;Stanisława Konarskiego;III;1;50.046508;19.208553;billboard;billboard;504 x 238 cm;5.04;2.38;1000;nie;https://brokersmedia.pl/billboard/slaska-iii-1/;https://maps.app.goo.gl/gWhVLV5toctwgVuY7;Stanisława Konarskiego, Osiedle Błonie, Oświęcim, powiat oświęcimski, województwo małopolskie, 32-600, Polska
144;Oświęcim;Oświęcim;Wyzwolenia;I;;50.037278;19.194825;reklama mobilna;mobile;504 x 238 cm;5.04;2.38;800;nie;https://brokersmedia.pl/billboard/wyzwolenia-i/;https://maps.app.goo.gl/7AnRLQSjnxrndJjW7;Stare Stawy, Oświęcim, powiat oświęcimski, województwo małopolskie, 32-600, Polska
145;Oświęcim;Oświęcim;Wyzwolenia;I;2;50.037278;19.194825;reklama mobilna;mobile;504 x 238 cm;5.04;2.38;800;nie;https://brokersmedia.pl/billboard/wyzwolenia-i-2/;https://maps.app.goo.gl/7AnRLQSjnxrndJjW7;Stare Stawy, Oświęcim, powiat oświęcimski, województwo małopolskie, 32-600, Polska
146;Oświęcim;Oświęcim;Wyzwolenia;;;50.038363;19.196572;billboard;billboard;504 x 238 cm;5.04;2.38;1000;nie;https://brokersmedia.pl/billboard/wyzwolenia-3x1/;https://maps.app.goo.gl/TnRsg82Cj6WQi2pi7;Wyzwolenia, Stare Stawy, Oświęcim, powiat oświęcimski, województwo małopolskie, 32-600, Polska
147;Oświęcim;Oświęcim;Powstańców Śląskich;;;50.045938;19.207698;reklama mobilna;mobile;504 x 238 cm;5.04;2.38;900;nie;https://brokersmedia.pl/billboard/slaska-v/;https://maps.app.goo.gl/9mif1qT31E2bbj28A;Powstańców Śląskich, Oświęcim, powiat oświęcimski, województwo małopolskie, 32-600, Polska
148;Oświęcim;Oświęcim;Wyzwolenia;IV;;50.038363;19.196572;billboard;billboard;504 x 238 cm;5.04;2.38;1000;nie;https://brokersmedia.pl/billboard/wyzwolenia-iv/;https://maps.app.goo.gl/TnRsg82Cj6WQi2pi7;Wyzwolenia, Stare Stawy, Oświęcim, powiat oświęcimski, województwo małopolskie, 32-600, Polska
149;Oświęcim;Oświęcim;Zaborska;II;;50.035506;19.228401;billboard;billboard;490 x 230 cm;4.9;2.3;900;nie;https://brokersmedia.pl/billboard/zaborska-ii/;https://maps.app.goo.gl/ZJBQRTeYgwADXNjAA;Zaborska, Stare Miasto, Stare Stawy, Oświęcim, powiat oświęcimski, województwo małopolskie, 32-602, Polska
150;Oświęcim;Oświęcim;Zaborska;II;2;50.035506;19.228401;billboard;billboard;490 x 230 cm;4.9;2.3;900;nie;https://brokersmedia.pl/billboard/zaborska-ii-2/;https://maps.app.goo.gl/ZJBQRTeYgwADXNjAA;Zaborska, Stare Miasto, Stare Stawy, Oświęcim, powiat oświęcimski, województwo małopolskie, 32-602, Polska
151;Oświęcim;Oświęcim;Wyzwolenia;III;;50.038363;19.196572;billboard;billboard;504 x 238 cm;5.04;2.38;1000;nie;https://brokersmedia.pl/billboard/wyzwolenia-iii/;https://maps.app.goo.gl/TnRsg82Cj6WQi2pi7;Wyzwolenia, Stare Stawy, Oświęcim, powiat oświęcimski, województwo małopolskie, 32-600, Polska
152;Oświęcim;Oświęcim;Zatorska;I;2;50.024243;19.231315;billboard;billboard;600 x 300 cm;6.0;3.0;1250;nie;https://brokersmedia.pl/billboard/zatorska-i-2/;https://maps.app.goo.gl/ktGH4HYkQ4ux2xUs9;Zatorska, Paździory, Stare Stawy, Oświęcim, powiat oświęcimski, województwo małopolskie, 32-602, Polska
153;Oświęcim;Oświęcim;Zatorska;III;1;50.024243;19.231315;billboard;billboard;504 x 238 cm;5.04;2.38;1000;nie;https://brokersmedia.pl/billboard/zatorska-iii-1/;https://maps.app.goo.gl/ktGH4HYkQ4ux2xUs9;Zatorska, Paździory, Stare Stawy, Oświęcim, powiat oświęcimski, województwo małopolskie, 32-602, Polska
154;Oświęcim;Oświęcim;Zatorska;III;2;50.024243;19.231315;billboard;billboard;504 x 238 cm;5.04;2.38;900;nie;https://brokersmedia.pl/billboard/zatorska-iii-2/;https://maps.app.goo.gl/ktGH4HYkQ4ux2xUs9;Zatorska, Paździory, Stare Stawy, Oświęcim, powiat oświęcimski, województwo małopolskie, 32-602, Polska
155;Oświęcim;Oświęcim;Zatorska;II;2;50.024243;19.231315;billboard;billboard;504 x 238 cm;5.04;2.38;900;nie;https://brokersmedia.pl/billboard/zatorska-ii-2/;https://maps.app.goo.gl/ktGH4HYkQ4ux2xUs9;Zatorska, Paździory, Stare Stawy, Oświęcim, powiat oświęcimski, województwo małopolskie, 32-602, Polska
156;Trzebinia;Trzebinia;Tadeusza Kościuszki;II;1;50.1566111;19.458;reklama mobilna;mobile;504 x 238 cm;5.04;2.38;700;nie;https://brokersmedia.pl/billboard/kosciuszki-ii-1/;https://maps.app.goo.gl/9E73BYpCiJUAVVs46;Tadeusza Kościuszki, Pukawka, Bereska, Trzebinia, gmina Trzebinia, powiat chrzanowski, województwo małopolskie, 32-540, Polska
157;Trzebinia;Trzebinia;Tadeusza Kościuszki;II;2;50.1566111;19.458;reklama mobilna;mobile;504 x 238 cm;5.04;2.38;700;nie;https://brokersmedia.pl/billboard/kosciuszki-ii-2/;https://maps.app.goo.gl/9E73BYpCiJUAVVs46;Tadeusza Kościuszki, Pukawka, Bereska, Trzebinia, gmina Trzebinia, powiat chrzanowski, województwo małopolskie, 32-540, Polska
158;Tychy;Tychy;Towarowa;I;1;50.0971111;19.0111667;reklama mobilna;mobile;504 x 238 cm;5.04;2.38;700;nie;https://brokersmedia.pl/billboard/gemini-i-1/;https://maps.app.goo.gl/oCoxnSLnRrXZmpWM6;Towarowa, Cielmice, Tychy, Górnośląsko-Zagłębiowska Metropolia, województwo śląskie, 43-100, Polska
159;Tychy;Tychy;Towarowa;I;2;50.0971111;19.0111667;reklama mobilna;mobile;504 x 238 cm;5.04;2.38;700;nie;https://brokersmedia.pl/billboard/gemini-i-2/;https://maps.app.goo.gl/oCoxnSLnRrXZmpWM6;Towarowa, Cielmice, Tychy, Górnośląsko-Zagłębiowska Metropolia, województwo śląskie, 43-100, Polska
160;Tychy;Tychy;Mikołowska;I;1;50.1426389;18.9629444;reklama mobilna;mobile;504 x 238 cm;5.04;2.38;700;nie;https://brokersmedia.pl/billboard/mikolowska-i-1/;https://maps.app.goo.gl/EWTRuh6xCVtixiTZ6;Mikołowska, Wilkowyje, Tychy, Górnośląsko-Zagłębiowska Metropolia, województwo śląskie, 43-100, Polska
161;Tychy;Tychy;Mikołowska;I;2;50.1426389;18.9629444;reklama mobilna;mobile;504 x 238 cm;5.04;2.38;700;nie;https://brokersmedia.pl/billboard/mikolowska-i-2/;https://maps.app.goo.gl/EWTRuh6xCVtixiTZ6;Mikołowska, Wilkowyje, Tychy, Górnośląsko-Zagłębiowska Metropolia, województwo śląskie, 43-100, Polska
162;Tychy;Tychy;Oswiecimska;I;1;50.1080833;19.0521111;reklama mobilna;mobile;504 x 238 cm;5.04;2.38;700;nie;https://brokersmedia.pl/billboard/oswiecimska-i-1/;https://maps.app.goo.gl/sb3enuWSu1xx9i8a9;Jaroszowice, Tychy, Górnośląsko-Zagłębiowska Metropolia, województwo śląskie, 43-100, Polska
163;Tychy;Tychy;Oswiecimska I 2;;3;50.1080833;19.0521111;reklama mobilna;mobile;504 x 238 cm;5.04;2.38;700;nie;https://brokersmedia.pl/billboard/oswiecimska-i-2-3/;https://maps.app.goo.gl/sb3enuWSu1xx9i8a9;Jaroszowice, Tychy, Górnośląsko-Zagłębiowska Metropolia, województwo śląskie, 43-100, Polska
164;Tychy;Tychy;Towarowa;;;50.0996389;19.01175;reklama mobilna;mobile;504 x 238 cm;5.04;2.38;700;nie;https://brokersmedia.pl/billboard/towarowa-gemini-park/;https://maps.app.goo.gl/7B3RXEd2CnCSrGyQ9;Towarowa, Cielmice, Tychy, Górnośląsko-Zagłębiowska Metropolia, województwo śląskie, 43-100, Polska
165;Tychy;Tychy;Towarowa;I;2;50.0996389;19.01175;reklama mobilna;mobile;504 x 238 cm;5.04;2.38;700;nie;https://brokersmedia.pl/billboard/towarowa-i-2/;https://maps.app.goo.gl/7B3RXEd2CnCSrGyQ9;Towarowa, Cielmice, Tychy, Górnośląsko-Zagłębiowska Metropolia, województwo śląskie, 43-100, Polska
166;Wadowice;Wadowice;Marszałka Józefa Piłsudskiego;I;1;49.886974;19.498862;reklama mobilna;mobile;504 x 238 cm;5.04;2.38;950;nie;https://brokersmedia.pl/billboard/pilsudskiego-i-1/;https://maps.app.goo.gl/NYnsZipzTfsCvuLf6;Marszałka Józefa Piłsudskiego, Osiedle XX-lecia Konstytucji RP, Wadowice, gmina Wadowice, powiat wadowicki, województwo małopolskie, 34-100, Polska
167;Wadowice;Wadowice;Marszałka Józefa Piłsudskiego;I;2;49.886974;19.498862;reklama mobilna;mobile;504 x 238 cm;5.04;2.38;950;nie;https://brokersmedia.pl/billboard/pilsudskiego-i-2/;https://maps.app.goo.gl/NYnsZipzTfsCvuLf6;Marszałka Józefa Piłsudskiego, Osiedle XX-lecia Konstytucji RP, Wadowice, gmina Wadowice, powiat wadowicki, województwo małopolskie, 34-100, Polska
168;Wadowice;Wadowice;Marszałka Józefa Piłsudskiego;II;;49.883476;19.502546;billboard;billboard;600 x 300 cm;6.0;3.0;1200;tak;https://brokersmedia.pl/billboard/pilsudskiego-ii/;https://maps.app.goo.gl/8WWeqUtGLqq4trbu8;Marszałka Józefa Piłsudskiego, Osiedle XX-lecia Konstytucji RP, Wadowice, gmina Wadowice, powiat wadowicki, województwo małopolskie, 34-100, Polska
169;Wadowice;Wadowice;Marszałka Józefa Piłsudskiego;II;2;49.883476;19.502546;billboard;billboard;600 x 300 cm;6.0;3.0;1000;nie;https://brokersmedia.pl/billboard/pilsudskiego-ii-2/;https://maps.app.goo.gl/8WWeqUtGLqq4trbu8;Marszałka Józefa Piłsudskiego, Osiedle XX-lecia Konstytucji RP, Wadowice, gmina Wadowice, powiat wadowicki, województwo małopolskie, 34-100, Polska
170;Wadowice;Klecza Dolna;Przy Młynie;;;49.883334;19.525748;billboard;billboard;600 x 300 cm;6.0;3.0;1000;tak;https://brokersmedia.pl/billboard/walowa/;https://maps.app.goo.gl/DmaJtSuJdp8uod5b6;Przy Młynie, Rogatka, Klecza Dolna, gmina Wadowice, powiat wadowicki, województwo małopolskie, 34-100, Polska
171;Wadowice;Klecza Dolna;Przy Młynie;II;1;49.883276;19.525539;reklama mobilna;mobile;400 x 200 cm;4.0;2.0;600;nie;https://brokersmedia.pl/billboard/walowa-ii-1/;https://maps.app.goo.gl/VpYS1etGJE8yjPNZ6;Przy Młynie, Rogatka, Klecza Dolna, gmina Wadowice, powiat wadowicki, województwo małopolskie, 34-100, Polska
172;Wadowice;Klecza Dolna;Przy Młynie;II;2;49.883276;19.525539;reklama mobilna;mobile;400 x 200 cm;4.0;2.0;600;nie;https://brokersmedia.pl/billboard/walowa-ii-2/;https://maps.app.goo.gl/VpYS1etGJE8yjPNZ6;Przy Młynie, Rogatka, Klecza Dolna, gmina Wadowice, powiat wadowicki, województwo małopolskie, 34-100, Polska
173;Wieprz;Wieprz;Beskidzka;II;2;49.8708333;19.3416389;reklama mobilna;mobile;504 x 238 cm;5.04;2.38;700;nie;https://brokersmedia.pl/billboard/beskidzka-ii-2/;https://maps.app.goo.gl/AzJKsNbr47CKVpR27;Beskidzka, Przykaza, Wieprz, gmina Wieprz, powiat wadowicki, województwo małopolskie, 34-120, Polska
174;Wieprz;Wieprz;Beskidzka;;2;49.8708333;19.3416389;reklama mobilna;mobile;504 x 238 cm;5.04;2.38;700;nie;https://brokersmedia.pl/billboard/beskidzka-ii-2-2/;https://maps.app.goo.gl/AzJKsNbr47CKVpR27;Beskidzka, Przykaza, Wieprz, gmina Wieprz, powiat wadowicki, województwo małopolskie, 34-120, Polska
175;Zator;Zator;Chrzanowska;II;;49.998189;19.431675;billboard;billboard;504 x 238 cm;5.04;2.38;800;tak;https://brokersmedia.pl/billboard/aleja-1-maja-chrzanowska-ii/;https://maps.app.goo.gl/QGfW649JGw5aACUn7;Chrzanowska, Podlipki, Osiedle Podlipki, Zator, gmina Zator, powiat oświęcimski, województwo małopolskie, 32-640, Polska
176;Zator;Zator;Oświęcimska;I;;49.998185;19.431959;billboard;billboard;504 x 238 cm;5.04;2.38;800;nie;https://brokersmedia.pl/billboard/aleja-1-maja-chrzanowska-i/;https://maps.app.goo.gl/HZMfNnDRRiytJgqe8;Oświęcimska, Podlipki, Osiedle Podlipki, Zator, gmina Zator, powiat oświęcimski, województwo małopolskie, 32-640, Polska
177;Zator;Zator;Oświęcimska;II;2;49.998185;19.431959;billboard;billboard;504 x 238 cm;5.04;2.38;800;nie;https://brokersmedia.pl/billboard/aleja-1-maja-chrzanowska-ii-2/;https://maps.app.goo.gl/HZMfNnDRRiytJgqe8;Oświęcimska, Podlipki, Osiedle Podlipki, Zator, gmina Zator, powiat oświęcimski, województwo małopolskie, 32-640, Polska
178;Zator;Zator;Włodzimierza Puchalskiego;;;50.002727;19.404583;billboard;billboard;1200 x 300;12.0;3.0;2250;tak;https://brokersmedia.pl/billboard/aleja-1-maja-graniczna/;https://maps.app.goo.gl/pFUgJWCYe6AWrsPK6;Włodzimierza Puchalskiego, Osiedle Podlipki, Zator, gmina Zator, powiat oświęcimski, województwo małopolskie, 32-641, Polska
179;Zator;Zator;Oświęcimska;;;49.998131;19.431513;billboard;billboard;504 x 238 cm;5.04;2.38;800;tak;https://brokersmedia.pl/billboard/aleja-1-maja/;https://maps.app.goo.gl/QQ6KMVPqKhN7ZMjz6;Oświęcimska, Podlipki, Osiedle Podlipki, Zator, gmina Zator, powiat oświęcimski, województwo małopolskie, 32-640, Polska
180;Zator;Zator;Aleja 1 Maja;II;;49.998348;19.421556;reklama mobilna;mobile;490 x 230 cm;4.9;2.3;700;nie;https://brokersmedia.pl/billboard/aleja-1-maja-ii/;https://maps.app.goo.gl/NBxL5tSNjBRcUtQL9;Aleja 1 Maja, Podlipki, Osiedle Podlipki, Zator, gmina Zator, powiat oświęcimski, województwo małopolskie, 32-640, Polska
181;Zator;Zator;Aleja 1 Maja;II;2;49.998348;19.421556;reklama mobilna;mobile;490 x 230 cm;4.9;2.3;700;nie;https://brokersmedia.pl/billboard/aleja-1-maja-ii-2/;https://maps.app.goo.gl/NBxL5tSNjBRcUtQL9;Aleja 1 Maja, Podlipki, Osiedle Podlipki, Zator, gmina Zator, powiat oświęcimski, województwo małopolskie, 32-640, Polska
182;Zator;Zator;Aleja 1 Maja;III;;49.998044;19.421482;billboard;billboard;504 x 238 cm;5.04;2.38;900;nie;https://brokersmedia.pl/billboard/aleja-1-maja-iii/;https://maps.app.goo.gl/eCPxpMLpRmtzrNVv9;Aleja 1 Maja, Podlipki, Osiedle Podlipki, Zator, gmina Zator, powiat oświęcimski, województwo małopolskie, 32-640, Polska
183;Zator;Zator;Aleja 1 Maja;IV;;49.998128;19.420489;billboard;billboard;504 x 238 cm;5.04;2.38;900;nie;https://brokersmedia.pl/billboard/aleja-1-maja-iv/;https://maps.app.goo.gl/HezgLS7Ec5kUic1e8;Osiedle Podlipki, Zator, gmina Zator, powiat oświęcimski, województwo małopolskie, 32-640, Polska
184;Zator;Zator;Aleja 1 Maja;IV;2;49.998128;19.420489;billboard;billboard;504 x 238 cm;5.04;2.38;900;nie;https://brokersmedia.pl/billboard/aleja-1-maja-iv-2/;https://maps.app.goo.gl/HezgLS7Ec5kUic1e8;Osiedle Podlipki, Zator, gmina Zator, powiat oświęcimski, województwo małopolskie, 32-640, Polska
185;Zator;Zator;Aleja 1 Maja V;;1;49.998128;19.420489;billboard;billboard;504 x 238 cm;5.04;2.38;900;nie;https://brokersmedia.pl/billboard/aleja-1-maja-v-1/;https://maps.app.goo.gl/HezgLS7Ec5kUic1e8;Osiedle Podlipki, Zator, gmina Zator, powiat oświęcimski, województwo małopolskie, 32-640, Polska
186;Zator;Zator;Aleja 1 Maja V;;2;49.998128;19.420489;billboard;billboard;504 x 238 cm;5.04;2.38;900;nie;https://brokersmedia.pl/billboard/aleja-1-maja-v-2/;https://maps.app.goo.gl/HezgLS7Ec5kUic1e8;Osiedle Podlipki, Zator, gmina Zator, powiat oświęcimski, województwo małopolskie, 32-640, Polska
187;Zator;Zator;Aleja 1 Maja;VI;1;49.998128;19.420489;billboard;billboard;504 x 238 cm;5.04;2.38;900;nie;https://brokersmedia.pl/billboard/aleja-1-maja-vi-1/;https://maps.app.goo.gl/HezgLS7Ec5kUic1e8;Osiedle Podlipki, Zator, gmina Zator, powiat oświęcimski, województwo małopolskie, 32-640, Polska
188;Zator;Zator;Aleja 1 Maja;VI;2;49.998128;19.420489;billboard;billboard;504 x 238 cm;5.04;2.38;900;nie;https://brokersmedia.pl/billboard/aleja-1-maja-vi-2/;https://maps.app.goo.gl/HezgLS7Ec5kUic1e8;Osiedle Podlipki, Zator, gmina Zator, powiat oświęcimski, województwo małopolskie, 32-640, Polska
189;Zator;Zator;Aleja 1 Maja;VII;1;49.998128;19.420489;billboard;billboard;504 x 238 cm;5.04;2.38;900;nie;https://brokersmedia.pl/billboard/aleja-1-maja-vii-1/;https://maps.app.goo.gl/HezgLS7Ec5kUic1e8;Osiedle Podlipki, Zator, gmina Zator, powiat oświęcimski, województwo małopolskie, 32-640, Polska
190;Zator;Zator;Aleja 1 Maja;VII;2;49.998128;19.420489;billboard;billboard;504 x 238 cm;5.04;2.38;900;nie;https://brokersmedia.pl/billboard/aleja-1-maja-vii-2/;https://maps.app.goo.gl/HezgLS7Ec5kUic1e8;Osiedle Podlipki, Zator, gmina Zator, powiat oświęcimski, województwo małopolskie, 32-640, Polska
191;Zator;Zator;Aleja 1 Maja;VIII;1;49.998128;19.420489;reklama mobilna;mobile;504 x 238 cm;5.04;2.38;700;nie;https://brokersmedia.pl/billboard/aleja-1-maja-viii-1/;https://maps.app.goo.gl/HezgLS7Ec5kUic1e8;Osiedle Podlipki, Zator, gmina Zator, powiat oświęcimski, województwo małopolskie, 32-640, Polska
192;Zator;Zator;Aleja 1 Maja;VIII;2;49.998128;19.420489;reklama mobilna;mobile;504 x 238 cm;5.04;2.38;700;nie;https://brokersmedia.pl/billboard/aleja-1-maja-viii-2/;https://maps.app.goo.gl/HezgLS7Ec5kUic1e8;Osiedle Podlipki, Zator, gmina Zator, powiat oświęcimski, województwo małopolskie, 32-640, Polska
193;Zator;Zator;Chrzanowska;;;49.99822;19.431668;billboard;billboard;504 x 238 cm;5.04;2.38;900;tak;https://brokersmedia.pl/billboard/chrzanowska/;https://maps.app.goo.gl/s5QhQippZBzJatDs8;Chrzanowska, Podlipki, Osiedle Podlipki, Zator, gmina Zator, powiat oświęcimski, województwo małopolskie, 32-640, Polska
194;Zator;Zator;Chrzanowska;II;2;49.99822;19.431668;billboard;billboard;504 x 238 cm;5.04;2.38;900;tak;https://brokersmedia.pl/billboard/chrzanowska-ii-2/;https://maps.app.goo.gl/s5QhQippZBzJatDs8;Chrzanowska, Podlipki, Osiedle Podlipki, Zator, gmina Zator, powiat oświęcimski, województwo małopolskie, 32-640, Polska
195;Zator;Zator;Chrzanowska;III;2;50.001821;19.432806;reklama mobilna;mobile;400 x 200 cm;4.0;2.0;600;nie;https://brokersmedia.pl/billboard/chrzanowska-iii-2/;https://maps.app.goo.gl/jVhJuacb3X5fCjkq5;Chrzanowska, Podlipki, Osiedle Podlipki, Zator, gmina Zator, powiat oświęcimski, województwo małopolskie, 32-640, Polska
196;Zator;Zator;Władysława Grabskiego;I;1;49.996838;19.4206;billboard;billboard;504 x 238 cm;5.04;2.38;900;nie;https://brokersmedia.pl/billboard/grabskiego-i-1/;https://maps.app.goo.gl/ipGRqw1KGR6pD5Tc7;Władysława Grabskiego, Zatorska Strefa Aktywności Gospodarczej, Osiedle Bugaj, Zator, gmina Zator, powiat oświęcimski, województwo małopolskie, 32-640, Polska
197;Zator;Zator;Władysława Grabskiego;I;2;49.996838;19.4206;billboard;billboard;504 x 238 cm;5.04;2.38;900;nie;https://brokersmedia.pl/billboard/grabskiego-i-2/;https://maps.app.goo.gl/ipGRqw1KGR6pD5Tc7;Władysława Grabskiego, Zatorska Strefa Aktywności Gospodarczej, Osiedle Bugaj, Zator, gmina Zator, powiat oświęcimski, województwo małopolskie, 32-640, Polska
198;Zator;Przeciszów;Krakowska;I;2;50.004876;19.395046;billboard;billboard;600 x 300 cm;6.0;3.0;1250;nie;https://brokersmedia.pl/billboard/krakowska-i-2/;https://maps.app.goo.gl/iaQdgQfvGMS1BiCe9;Zamłynie, Przeciszów, gmina Przeciszów, powiat oświęcimski, województwo małopolskie, 32-641, Polska
199;Zator;Przeciszów;Krakowska;II;2;50.004143;19.393928;billboard;billboard;490 x 230 cm;4.9;2.3;600;nie;https://brokersmedia.pl/billboard/krakowska-ii-2/;https://maps.app.goo.gl/2rzVRSwwr97iFa3x8;Krakowska, Zamłynie, Przeciszów, gmina Przeciszów, powiat oświęcimski, województwo małopolskie, 32-641, Polska
200;Zator;Przeciszów;Krakowska;;2;50.004143;19.393928;billboard;billboard;490 x 230 cm;4.9;2.3;600;nie;https://brokersmedia.pl/billboard/krakowska-ii-2-2/;https://maps.app.goo.gl/2rzVRSwwr97iFa3x8;Krakowska, Zamłynie, Przeciszów, gmina Przeciszów, powiat oświęcimski, województwo małopolskie, 32-641, Polska
201;Zator;Przeciszów;Krakowska;III;1;50.004143;19.393928;billboard;billboard;490 x 230 cm;4.9;2.3;600;nie;https://brokersmedia.pl/billboard/krakowska-iii-1/;https://maps.app.goo.gl/2rzVRSwwr97iFa3x8;Krakowska, Zamłynie, Przeciszów, gmina Przeciszów, powiat oświęcimski, województwo małopolskie, 32-641, Polska
202;Zator;Przeciszów;Krakowska;III;2;50.004143;19.393928;billboard;billboard;490 x 230 cm;4.9;2.3;600;nie;https://brokersmedia.pl/billboard/krakowska-iii-2/;https://maps.app.goo.gl/2rzVRSwwr97iFa3x8;Krakowska, Zamłynie, Przeciszów, gmina Przeciszów, powiat oświęcimski, województwo małopolskie, 32-641, Polska
203;Zator;Zator;781;I;1;49.998909;19.421263;reklama mobilna;mobile;504 x 238 cm;5.04;2.38;700;nie;https://brokersmedia.pl/billboard/obwodnica-zator-i-1/;https://maps.app.goo.gl/L5MgztKgzxa8g5tE9;781, Podlipki, Osiedle Podlipki, Zator, gmina Zator, powiat oświęcimski, województwo małopolskie, 32-640, Polska
204;Zator;Zator;781;I;2;49.998909;19.421263;reklama mobilna;mobile;504 x 238 cm;5.04;2.38;700;nie;https://brokersmedia.pl/billboard/obwodnica-zator-i-2/;https://maps.app.goo.gl/L5MgztKgzxa8g5tE9;781, Podlipki, Osiedle Podlipki, Zator, gmina Zator, powiat oświęcimski, województwo małopolskie, 32-640, Polska
205;Zator;Zator;781;II;2;49.998909;19.421263;reklama mobilna;mobile;504 x 238 cm;5.04;2.38;700;nie;https://brokersmedia.pl/billboard/obwodnica-zator-ii-2/;https://maps.app.goo.gl/L5MgztKgzxa8g5tE9;781, Podlipki, Osiedle Podlipki, Zator, gmina Zator, powiat oświęcimski, województwo małopolskie, 32-640, Polska
206;Zator;Zator;781;II;1;49.998909;19.421263;reklama mobilna;mobile;504 x 238 cm;5.04;2.38;700;nie;https://brokersmedia.pl/billboard/obwodnica-zator-ii-1/;https://maps.app.goo.gl/L5MgztKgzxa8g5tE9;781, Podlipki, Osiedle Podlipki, Zator, gmina Zator, powiat oświęcimski, województwo małopolskie, 32-640, Polska
207;Zator;Przeciszów;Krakowska;I;3;50.002672;19.404286;megabord;billboard;45 m²;;;3500;tak;https://brokersmedia.pl/billboard/oswiecimska-i-3/;https://maps.app.goo.gl/84Wof3MUhgREXu7k9;Krakowska, Przeciszów, gmina Przeciszów, powiat oświęcimski, województwo małopolskie, 32-641, Polska
208;Zator;Zator;Włodzimierza Puchalskiego;II;3;50.002585;19.40456;billboard;billboard;600 x 300;6.0;3.0;1250;nie;https://brokersmedia.pl/billboard/oswiecimska-ii-3/;https://maps.app.goo.gl/qjm7pSUgsriWe7Fi8;Włodzimierza Puchalskiego, Osiedle Podlipki, Zator, gmina Zator, powiat oświęcimski, województwo małopolskie, 32-641, Polska
209;Zator;Zator;Oświęcimska;;;49.998157;19.432714;billboard;billboard;504 x 238 cm;5.04;2.38;900;nie;https://brokersmedia.pl/billboard/slowackiego-aleja-1-maja/;https://maps.app.goo.gl/rXTHEhHA8VfBkWr9A;Oświęcimska, Podlipki, Osiedle Centrum, Zator, gmina Zator, powiat oświęcimski, województwo małopolskie, 32-640, Polska
210;Zator;Zator;Oświęcimska;;2;49.998157;19.432714;billboard;billboard;504 x 238 cm;5.04;2.38;900;tak;https://brokersmedia.pl/billboard/slowackiego-aleja-1-maja-2/;https://maps.app.goo.gl/rXTHEhHA8VfBkWr9A;Oświęcimska, Podlipki, Osiedle Centrum, Zator, gmina Zator, powiat oświęcimski, województwo małopolskie, 32-640, Polska
211;Zator;Zator;Oświęcimska;;3;49.998157;19.432714;billboard;billboard;504 x 238 cm;5.04;2.38;900;nie;https://brokersmedia.pl/billboard/slowackiego-aleja-1-maja-3/;https://maps.app.goo.gl/rXTHEhHA8VfBkWr9A;Oświęcimska, Podlipki, Osiedle Centrum, Zator, gmina Zator, powiat oświęcimski, województwo małopolskie, 32-640, Polska
212;Zator;Zator;Wadowicka;;;49.985195;19.438136;billboard;billboard;490 x 230 cm;4.9;2.3;700;nie;https://brokersmedia.pl/billboard/wadowicka-1-na-wadowice/;https://maps.app.goo.gl/69Z2pizKo9Wts2JS8;Wadowicka, Osiedle Królewiec, Zator, gmina Zator, powiat oświęcimski, województwo małopolskie, 32-640, Polska
213;Zator;Zator;Wadowicka;;1;49.985195;19.438136;billboard;billboard;490 x 230 cm;4.9;2.3;700;nie;https://brokersmedia.pl/billboard/wadowicka-1/;https://maps.app.goo.gl/69Z2pizKo9Wts2JS8;Wadowicka, Osiedle Królewiec, Zator, gmina Zator, powiat oświęcimski, województwo małopolskie, 32-640, Polska
214;Zator;Zator;Wadowicka;II;;49.985971;19.438098;billboard;billboard;490 x 230 cm;4.9;2.3;700;tak;https://brokersmedia.pl/billboard/wadowicka-ii/;https://maps.app.goo.gl/68xAGffPUduRvprJ6;Wadowicka, Osiedle Królewiec, Zator, gmina Zator, powiat oświęcimski, województwo małopolskie, 32-640, Polska
215;Zator;Zator;Wadowicka;I;;49.985971;19.438098;billboard;billboard;490 x 230 cm;4.9;2.3;700;tak;https://brokersmedia.pl/billboard/wadowicka-i/;https://maps.app.goo.gl/68xAGffPUduRvprJ6;Wadowicka, Osiedle Królewiec, Zator, gmina Zator, powiat oświęcimski, województwo małopolskie, 32-640, Polska
216;Zator;Rudze;Platynowa;;2;49.968003;19.441293;billboard;billboard;600 x 300 cm;6.0;3.0;1000;tak;https://brokersmedia.pl/billboard/wadowicka-ii-2-2/;https://maps.app.goo.gl/fRYroqx4279gTrt79;Platynowa, Rudze, gmina Zator, powiat oświęcimski, województwo małopolskie, 32-640, Polska
217;Żywiec;Żywiec;"945;946";;;49.692732;19.193325;reklama mobilna;mobile;490 x 230 cm;4.9;2.3;700;nie;https://brokersmedia.pl/billboard/aleja-wolnosci-dw-946/;https://maps.app.goo.gl/vek8eTDHfnLcqew68;"945;946, Rudza, Śródmieście, Żywiec, powiat żywiecki, województwo śląskie, 34-300, Polska"
218;Żywiec;Żywiec;"945;946";I;2;49.692732;19.193325;reklama mobilna;mobile;490 x 230 cm;4.9;2.3;700;nie;https://brokersmedia.pl/billboard/aleja-wolnosci-i-2/;https://maps.app.goo.gl/vek8eTDHfnLcqew68;"945;946, Rudza, Śródmieście, Żywiec, powiat żywiecki, województwo śląskie, 34-300, Polska"
